name,country,state,city,zip,street,lat,lng,description,phone,email,image
asdf,asfd,asdf,asdf,234,aasdf,2233,23,sdfdsf,24234234,"asdf@asdf,com",asfd.jpeg
asdf,asfd,asdf,asdf,234,aasdf,2233,23,sdfdsf,24234234,"asdf@asdf,com",asfd.jpeg
asdf,asfd,asdf,asdf,234,aasdf,2233,23,sdfdsf,24234234,"asdf@asdf,com",asfd.jpeg
asdf,asfd,asdf,asdf,234,aasdf,2233,23,sdfdsf,24234234,"asdf@asdf,com",asfd.jpeg
asdf,asfd,asdf,asdf,234,aasdf,2233,23,sdfdsf,24234234,"asdf@asdf,com",asfd.jpeg
asdf,asfd,asdf,asdf,234,aasdf,2233,23,sdfdsf,24234234,"asdf@asdf,com",asfd.jpeg
asdf,asfd,asdf,asdf,234,aasdf,2233,23,sdfdsf,24234234,"asdf@asdf,com",asfd.jpeg
asdf,asfd,asdf,asdf,234,aasdf,2233,23,sdfdsf,24234234,"asdf@asdf,com",asfd.jpeg
asdf,asfd,asdf,asdf,234,aasdf,2233,23,sdfdsf,24234234,"asdf@asdf,com",asfd.jpeg
asdf,asfd,asdf,asdf,234,aasdf,2233,23,sdfdsf,24234234,"asdf@asdf,com",asfd.jpeg
asdf,asfd,asdf,asdf,234,aasdf,2233,23,sdfdsf,24234234,"asdf@asdf,com",asfd.jpeg
asdf,asfd,asdf,asdf,234,aasdf,2233,23,sdfdsf,24234234,"asdf@asdf,com",asfd.jpeg
asdf,asfd,asdf,asdf,234,aasdf,2233,23,sdfdsf,24234234,"asdf@asdf,com",asfd.jpeg
asdf,asfd,asdf,asdf,234,aasdf,2233,23,sdfdsf,24234234,"asdf@asdf,com",asfd.jpeg
asdf,asfd,asdf,asdf,234,aasdf,2233,23,sdfdsf,24234234,"asdf@asdf,com",asfd.jpeg
asdf,asfd,asdf,asdf,234,aasdf,2233,23,sdfdsf,24234234,"asdf@asdf,com",asfd.jpeg
asdf,asfd,asdf,asdf,234,aasdf,2233,23,sdfdsf,24234234,"asdf@asdf,com",asfd.jpeg
asdf,asfd,asdf,asdf,234,aasdf,2233,23,sdfdsf,24234234,"asdf@asdf,com",asfd.jpeg
